jobID,  modelID,  status,  completionReason,  startTime,  endTime,  runtime(s),  expDesc,  numRecords,  modelParams|clParams|alpha,  modelParams|tpParams|minThreshold,  modelParams|tpParams|activationThreshold,  modelParams|tpParams|pamLength,  modelParams|spParams|synPermInactiveDec,  multiStepBestPredictions:multiStep:errorMetric='avg_err':steps=[1]:window=1000:field=word, 
2028,  254829,  completed,  eof,  2014-05-23 20:14:29,  2014-05-23 20:14:34,  5,  modelParams|clParams|alpha_0.05005.modelParams|tpParams|minThreshold_11.modelParams|tpParams|activationThreshold_14.modelParams|tpParams|pamLength_3.modelParams|spParams|synPermInactiveDec_0.05015,  107,  0.05005,  11,  14,  3,  0.05015,  0.849056603774, 
2028,  254837,  completed,  eof,  2014-05-23 20:14:29,  2014-05-23 20:14:35,  6,  modelParams|clParams|alpha_0.0001.modelParams|tpParams|minThreshold_9.modelParams|tpParams|activationThreshold_12.modelParams|tpParams|pamLength_1.modelParams|spParams|synPermInactiveDec_0.1,  107,  0.0001,  9,  12,  1,  0.1,  0.839622641509, 
2028,  254839,  completed,  eof,  2014-05-23 20:14:29,  2014-05-23 20:14:34,  5,  modelParams|clParams|alpha_0.1.modelParams|tpParams|minThreshold_12.modelParams|tpParams|activationThreshold_16.modelParams|tpParams|pamLength_5.modelParams|spParams|synPermInactiveDec_0.0003,  107,  0.1,  12,  16,  5,  0.0003,  0.820754716981, 
2028,  254882,  completed,  eof,  2014-05-23 20:14:31,  2014-05-23 20:14:47,  16,  modelParams|clParams|alpha_0.025075.modelParams|tpParams|minThreshold_10.modelParams|tpParams|activationThreshold_13.modelParams|tpParams|pamLength_2.modelParams|spParams|synPermInactiveDec_0.075075,  107,  0.025075,  10,  13,  2,  0.075075,  0.830188679245, 
2028,  254886,  completed,  eof,  2014-05-23 20:14:31,  2014-05-23 20:14:49,  18,  modelParams|clParams|alpha_0.075025.modelParams|tpParams|minThreshold_11.modelParams|tpParams|activationThreshold_15.modelParams|tpParams|pamLength_4.modelParams|spParams|synPermInactiveDec_0.025225,  107,  0.075025,  11,  15,  4,  0.025225,  0.858490566038, 
2028,  254914,  completed,  eof,  2014-05-23 20:14:34,  2014-05-23 20:14:49,  15,  modelParams|clParams|alpha_0.095005.modelParams|tpParams|minThreshold_12.modelParams|tpParams|activationThreshold_16.modelParams|tpParams|pamLength_5.modelParams|spParams|synPermInactiveDec_0.005285,  107,  0.095005,  12,  16,  5,  0.005285,  0.858490566038, 
2028,  254915,  completed,  eof,  2014-05-23 20:14:35,  2014-05-23 20:14:48,  13,  modelParams|clParams|alpha_0.0955047148893.modelParams|tpParams|minThreshold_12.modelParams|tpParams|activationThreshold_16.modelParams|tpParams|pamLength_5.modelParams|spParams|synPermInactiveDec_0.0146608434444,  107,  0.0955047148893,  12,  16,  5,  0.0146608434444,  0.858490566038, 
2028,  254916,  completed,  eof,  2014-05-23 20:14:35,  2014-05-23 20:14:47,  12,  modelParams|clParams|alpha_0.0760244297787.modelParams|tpParams|minThreshold_12.modelParams|tpParams|activationThreshold_16.modelParams|tpParams|pamLength_4.modelParams|spParams|synPermInactiveDec_0.0140666868888,  107,  0.0760244297787,  12,  16,  4,  0.0140666868888,  0.858490566038, 
2028,  254917,  completed,  eof,  2014-05-23 20:14:49,  2014-05-23 20:14:54,  5,  modelParams|clParams|alpha_0.0985121546309.modelParams|tpParams|minThreshold_12.modelParams|tpParams|activationThreshold_16.modelParams|tpParams|pamLength_5.modelParams|spParams|synPermInactiveDec_0.00272391053103,  107,  0.0985121546309,  12,  16,  5,  0.00272391053103,  0.839622641509, 
2028,  254918,  completed,  eof,  2014-05-23 20:14:49,  2014-05-23 20:14:56,  7,  modelParams|clParams|alpha_0.080769572334.modelParams|tpParams|minThreshold_12.modelParams|tpParams|activationThreshold_16.modelParams|tpParams|pamLength_5.modelParams|spParams|synPermInactiveDec_0.00937876516661,  107,  0.080769572334,  12,  16,  5,  0.00937876516661,  0.858490566038, 
2028,  254924,  completed,  eof,  2014-05-23 20:14:49,  2014-05-23 20:14:58,  9,  modelParams|clParams|alpha_0.095005.modelParams|tpParams|minThreshold_12.modelParams|tpParams|activationThreshold_16.modelParams|tpParams|pamLength_5.modelParams|spParams|synPermInactiveDec_0.005285,  107,  0.095005,  12,  16,  5,  0.005285,  0.858490566038, 
2028,  254927,  completed,  eof,  2014-05-23 20:14:50,  2014-05-23 20:14:57,  7,  modelParams|clParams|alpha_0.0760244297787.modelParams|tpParams|minThreshold_12.modelParams|tpParams|activationThreshold_16.modelParams|tpParams|pamLength_4.modelParams|spParams|synPermInactiveDec_0.0140666868888,  107,  0.0760244297787,  12,  16,  4,  0.0140666868888,  0.858490566038, 
2028,  254928,  completed,  eof,  2014-05-23 20:14:50,  2014-05-23 20:14:57,  7,  modelParams|clParams|alpha_0.0878925473414.modelParams|tpParams|minThreshold_11.modelParams|tpParams|activationThreshold_14.modelParams|tpParams|pamLength_5.modelParams|spParams|synPermInactiveDec_0.0112391303879,  107,  0.0878925473414,  11,  14,  5,  0.0112391303879,  0.858490566038, 
2028,  254931,  completed,  eof,  2014-05-23 20:14:50,  2014-05-23 20:14:58,  8,  modelParams|clParams|alpha_0.0996359759086.modelParams|tpParams|minThreshold_12.modelParams|tpParams|activationThreshold_15.modelParams|tpParams|pamLength_5.modelParams|spParams|synPermInactiveDec_0.0003,  107,  0.0996359759086,  12,  15,  5,  0.0003,  0.820754716981, 
2028,  254932,  completed,  eof,  2014-05-23 20:14:50,  2014-05-23 20:14:57,  7,  modelParams|clParams|alpha_0.0928768651748.modelParams|tpParams|minThreshold_12.modelParams|tpParams|activationThreshold_16.modelParams|tpParams|pamLength_5.modelParams|spParams|synPermInactiveDec_0.00750775631733,  107,  0.0928768651748,  12,  16,  5,  0.00750775631733,  0.849056603774, 
2028,  254936,  completed,  eof,  2014-05-23 20:14:51,  2014-05-23 20:14:58,  7,  modelParams|clParams|alpha_0.0902598574447.modelParams|tpParams|minThreshold_11.modelParams|tpParams|activationThreshold_16.modelParams|tpParams|pamLength_5.modelParams|spParams|synPermInactiveDec_0.0099729217222,  107,  0.0902598574447,  11,  16,  5,  0.0099729217222,  0.858490566038, 
2028,  254937,  completed,  killed,  2014-05-23 20:14:55,  2014-05-23 20:14:59,  4,  modelParams|clParams|alpha_0.0991206151748.modelParams|tpParams|minThreshold_12.modelParams|tpParams|activationThreshold_16.modelParams|tpParams|pamLength_5.modelParams|spParams|synPermInactiveDec_0.00127650631733,  100,  0.0991206151748,  12,  16,  5,  0.00127650631733,  0.818181818182, 
2028,  254938,  completed,  killed,  2014-05-23 20:14:57,  2014-05-23 20:15:00,  3,  modelParams|clParams|alpha_0.0943861547861.modelParams|tpParams|minThreshold_12.modelParams|tpParams|activationThreshold_16.modelParams|tpParams|pamLength_5.modelParams|spParams|synPermInactiveDec_0.00221830211008,  50,  0.0943861547861,  12,  16,  5,  0.00221830211008,  0.877551020408, 
2028,  254939,  completed,  killed,  2014-05-23 20:14:57,  2014-05-23 20:14:59,  2,  modelParams|clParams|alpha_0.0955697698833.modelParams|tpParams|minThreshold_12.modelParams|tpParams|activationThreshold_16.modelParams|tpParams|pamLength_5.modelParams|spParams|synPermInactiveDec_0.00149460000323,  50,  0.0955697698833,  12,  16,  5,  0.00149460000323,  0.816326530612, 
2028,  254940,  completed,  killed,  2014-05-23 20:14:57,  2014-05-23 20:15:00,  3,  modelParams|clParams|alpha_0.1.modelParams|tpParams|minThreshold_12.modelParams|tpParams|activationThreshold_16.modelParams|tpParams|pamLength_5.modelParams|spParams|synPermInactiveDec_0.0003,  50,  0.1,  12,  16,  5,  0.0003,  0.816326530612, 
2028,  254941,  completed,  killed,  2014-05-23 20:14:57,  2014-05-23 20:15:00,  3,  modelParams|clParams|alpha_0.0981146013213.modelParams|tpParams|minThreshold_12.modelParams|tpParams|activationThreshold_15.modelParams|tpParams|pamLength_4.modelParams|spParams|synPermInactiveDec_0.00221133190414,  50,  0.0981146013213,  12,  15,  4,  0.00221133190414,  0.877551020408, 
2028,  254942,  completed,  killed,  2014-05-23 20:14:58,  2014-05-23 20:15:00,  2,  modelParams|clParams|alpha_0.0979277217303.modelParams|tpParams|minThreshold_12.modelParams|tpParams|activationThreshold_16.modelParams|tpParams|pamLength_5.modelParams|spParams|synPermInactiveDec_0.00612267891543,  50,  0.0979277217303,  12,  16,  5,  0.00612267891543,  0.897959183673, 


jobID,  modelID,  status,  completionReason,  startTime,  endTime,  runtime(s),  expDesc,  numRecords,  modelParams|clParams|alpha,  modelParams|tpParams|minThreshold,  modelParams|tpParams|activationThreshold,  modelParams|tpParams|pamLength,  modelParams|spParams|synPermInactiveDec,  multiStepBestPredictions:multiStep:errorMetric='avg_err':steps=[1, 2, 3, 4, 5, 6]:window=1000:field=word, 
2029,  254943,  completed,  eof,  2014-05-23 22:04:02,  2014-05-23 22:04:21,  19,  modelParams|clParams|alpha_0.05005.modelParams|tpParams|minThreshold_11.modelParams|tpParams|activationThreshold_14.modelParams|tpParams|pamLength_3.modelParams|spParams|synPermInactiveDec_0.05015,  107,  0.05005,  11,  14,  3,  0.05015,  0.809698019472, 
2029,  255009,  completed,  eof,  2014-05-23 22:04:02,  2014-05-23 22:04:21,  19,  modelParams|clParams|alpha_0.0001.modelParams|tpParams|minThreshold_9.modelParams|tpParams|activationThreshold_12.modelParams|tpParams|pamLength_1.modelParams|spParams|synPermInactiveDec_0.1,  107,  0.0001,  9,  12,  1,  0.1,  0.803255154469, 
2029,  255015,  completed,  eof,  2014-05-23 22:04:03,  2014-05-23 22:04:21,  18,  modelParams|clParams|alpha_0.1.modelParams|tpParams|minThreshold_12.modelParams|tpParams|activationThreshold_16.modelParams|tpParams|pamLength_5.modelParams|spParams|synPermInactiveDec_0.0003,  107,  0.1,  12,  16,  5,  0.0003,  0.793760396237, 
2029,  255016,  completed,  eof,  2014-05-23 22:04:03,  2014-05-23 22:04:21,  18,  modelParams|clParams|alpha_0.025075.modelParams|tpParams|minThreshold_10.modelParams|tpParams|activationThreshold_13.modelParams|tpParams|pamLength_2.modelParams|spParams|synPermInactiveDec_0.075075,  107,  0.025075,  10,  13,  2,  0.075075,  0.803332678304, 
2029,  255057,  completed,  eof,  2014-05-23 22:04:05,  2014-05-23 22:04:23,  18,  modelParams|clParams|alpha_0.075025.modelParams|tpParams|minThreshold_11.modelParams|tpParams|activationThreshold_15.modelParams|tpParams|pamLength_4.modelParams|spParams|synPermInactiveDec_0.025225,  107,  0.075025,  11,  15,  4,  0.025225,  0.814570676549, 
2029,  255082,  completed,  eof,  2014-05-23 22:04:05,  2014-05-23 22:04:23,  18,  modelParams|clParams|alpha_0.06004.modelParams|tpParams|minThreshold_11.modelParams|tpParams|activationThreshold_16.modelParams|tpParams|pamLength_3.modelParams|spParams|synPermInactiveDec_0.06012,  107,  0.06004,  11,  16,  3,  0.06012,  0.811348184489, 
2029,  255089,  completed,  eof,  2014-05-23 22:04:05,  2014-05-23 22:04:21,  16,  modelParams|clParams|alpha_0.0125875.modelParams|tpParams|minThreshold_10.modelParams|tpParams|activationThreshold_12.modelParams|tpParams|pamLength_2.modelParams|spParams|synPermInactiveDec_0.0127625,  107,  0.0125875,  10,  12,  2,  0.0127625,  0.800142211179, 
2029,  255100,  completed,  eof,  2014-05-23 22:04:06,  2014-05-23 22:04:24,  18,  modelParams|clParams|alpha_0.0357785714286.modelParams|tpParams|minThreshold_11.modelParams|tpParams|activationThreshold_15.modelParams|tpParams|pamLength_5.modelParams|spParams|synPermInactiveDec_0.0857571428571,  107,  0.0357785714286,  11,  15,  5,  0.0857571428571,  0.806523128326, 
2029,  255101,  completed,  eof,  2014-05-23 22:04:21,  2014-05-23 22:04:39,  18,  modelParams|clParams|alpha_0.0875125.modelParams|tpParams|minThreshold_11.modelParams|tpParams|activationThreshold_14.modelParams|tpParams|pamLength_2.modelParams|spParams|synPermInactiveDec_0.0376875,  107,  0.0875125,  11,  14,  2,  0.0376875,  0.812936689621, 
2029,  255141,  completed,  eof,  2014-05-23 22:04:22,  2014-05-23 22:04:40,  18,  modelParams|clParams|alpha_0.0667.modelParams|tpParams|minThreshold_10.modelParams|tpParams|activationThreshold_13.modelParams|tpParams|pamLength_4.modelParams|spParams|synPermInactiveDec_0.0667666666667,  107,  0.0667,  10,  13,  4,  0.0667666666667,  0.814570676549, 
2029,  255143,  completed,  eof,  2014-05-23 22:04:22,  2014-05-23 22:04:40,  18,  modelParams|clParams|alpha_0.0425575.modelParams|tpParams|minThreshold_10.modelParams|tpParams|activationThreshold_12.modelParams|tpParams|pamLength_5.modelParams|spParams|synPermInactiveDec_0.0925225,  107,  0.0425575,  10,  12,  5,  0.0925225,  0.804935826738, 
2029,  255164,  completed,  eof,  2014-05-23 22:04:23,  2014-05-23 22:04:43,  20,  modelParams|clParams|alpha_0.0818363636364.modelParams|tpParams|minThreshold_11.modelParams|tpParams|activationThreshold_15.modelParams|tpParams|pamLength_1.modelParams|spParams|synPermInactiveDec_0.0184272727273,  107,  0.0818363636364,  11,  15,  1,  0.0184272727273,  0.811334125519, 
2029,  255179,  completed,  eof,  2014-05-23 22:04:24,  2014-05-23 22:04:43,  19,  modelParams|clParams|alpha_0.01883125.modelParams|tpParams|minThreshold_10.modelParams|tpParams|activationThreshold_14.modelParams|tpParams|pamLength_3.modelParams|spParams|synPermInactiveDec_0.04391875,  107,  0.01883125,  10,  14,  3,  0.04391875,  0.803363499694, 
2029,  255184,  completed,  eof,  2014-05-23 22:04:24,  2014-05-23 22:04:43,  19,  modelParams|clParams|alpha_0.0942365384615.modelParams|tpParams|minThreshold_11.modelParams|tpParams|activationThreshold_16.modelParams|tpParams|pamLength_4.modelParams|spParams|synPermInactiveDec_0.0309769230769,  107,  0.0942365384615,  11,  16,  4,  0.0309769230769,  0.812936689621, 
2029,  255197,  completed,  eof,  2014-05-23 22:04:25,  2014-05-23 22:04:45,  20,  modelParams|clParams|alpha_0.00545178571429.modelParams|tpParams|minThreshold_11.modelParams|tpParams|activationThreshold_13.modelParams|tpParams|pamLength_1.modelParams|spParams|synPermInactiveDec_0.00564107142857,  107,  0.00545178571429,  11,  13,  1,  0.00564107142857,  0.792018342666, 
2029,  255208,  completed,  eof,  2014-05-23 22:04:26,  2014-05-23 22:04:43,  17,  modelParams|clParams|alpha_0.0955047148893.modelParams|tpParams|minThreshold_12.modelParams|tpParams|activationThreshold_16.modelParams|tpParams|pamLength_5.modelParams|spParams|synPermInactiveDec_0.0146608434444,  107,  0.0955047148893,  12,  16,  5,  0.0146608434444,  0.812936689621, 
2029,  255209,  completed,  eof,  2014-05-23 22:04:39,  2014-05-23 22:04:59,  20,  modelParams|clParams|alpha_0.0760244297787.modelParams|tpParams|minThreshold_12.modelParams|tpParams|activationThreshold_16.modelParams|tpParams|pamLength_4.modelParams|spParams|synPermInactiveDec_0.0140666868888,  107,  0.0760244297787,  12,  16,  4,  0.0140666868888,  0.814570676549, 
2029,  255210,  completed,  eof,  2014-05-23 22:04:40,  2014-05-23 22:05:01,  21,  modelParams|clParams|alpha_0.095005.modelParams|tpParams|minThreshold_12.modelParams|tpParams|activationThreshold_16.modelParams|tpParams|pamLength_5.modelParams|spParams|synPermInactiveDec_0.005285,  107,  0.095005,  12,  16,  5,  0.005285,  0.798432793369, 
2029,  255211,  completed,  eof,  2014-05-23 22:04:41,  2014-05-23 22:05:02,  21,  modelParams|clParams|alpha_0.080769572334.modelParams|tpParams|minThreshold_12.modelParams|tpParams|activationThreshold_16.modelParams|tpParams|pamLength_5.modelParams|spParams|synPermInactiveDec_0.00937876516661,  107,  0.080769572334,  12,  16,  5,  0.00937876516661,  0.812936689621, 
2029,  255212,  completed,  eof,  2014-05-23 22:04:43,  2014-05-23 22:04:59,  16,  modelParams|clParams|alpha_0.0902598574447.modelParams|tpParams|minThreshold_11.modelParams|tpParams|activationThreshold_16.modelParams|tpParams|pamLength_5.modelParams|spParams|synPermInactiveDec_0.0099729217222,  107,  0.0902598574447,  11,  16,  5,  0.0099729217222,  0.812936689621, 
2029,  255213,  completed,  eof,  2014-05-23 22:04:44,  2014-05-23 22:05:06,  22,  modelParams|clParams|alpha_0.0874127719115.modelParams|tpParams|minThreshold_11.modelParams|tpParams|activationThreshold_15.modelParams|tpParams|pamLength_4.modelParams|spParams|synPermInactiveDec_0.00656601213329,  107,  0.0874127719115,  11,  15,  4,  0.00656601213329,  0.801700497031, 
2029,  255214,  completed,  eof,  2014-05-23 22:04:45,  2014-05-23 22:05:05,  20,  modelParams|clParams|alpha_0.0783970010564.modelParams|tpParams|minThreshold_11.modelParams|tpParams|activationThreshold_16.modelParams|tpParams|pamLength_4.modelParams|spParams|synPermInactiveDec_0.0003,  107,  0.0783970010564,  11,  16,  4,  0.0003,  0.793822056121, 
2029,  255225,  completed,  eof,  2014-05-23 22:04:46,  2014-05-23 22:05:07,  21,  modelParams|clParams|alpha_0.00621874453147.modelParams|tpParams|minThreshold_10.modelParams|tpParams|activationThreshold_13.modelParams|tpParams|pamLength_1.modelParams|spParams|synPermInactiveDec_0.0256943912499,  107,  0.00621874453147,  10,  13,  1,  0.0256943912499,  0.803316814353, 
2029,  255236,  completed,  eof,  2014-05-23 22:04:47,  2014-05-23 22:05:06,  19,  modelParams|clParams|alpha_0.0160479683961.modelParams|tpParams|minThreshold_10.modelParams|tpParams|activationThreshold_12.modelParams|tpParams|pamLength_1.modelParams|spParams|synPermInactiveDec_0.00668339935712,  107,  0.0160479683961,  10,  12,  1,  0.00668339935712,  0.788906018589, 
2029,  255237,  completed,  eof,  2014-05-23 22:04:59,  2014-05-23 22:05:16,  17,  modelParams|clParams|alpha_0.0120936829333.modelParams|tpParams|minThreshold_10.modelParams|tpParams|activationThreshold_13.modelParams|tpParams|pamLength_2.modelParams|spParams|synPermInactiveDec_0.0121526413664,  107,  0.0120936829333,  10,  13,  2,  0.0121526413664,  0.801729512766, 
2029,  255238,  completed,  eof,  2014-05-23 22:05:00,  2014-05-23 22:05:18,  18,  modelParams|clParams|alpha_0.00750671179648.modelParams|tpParams|minThreshold_11.modelParams|tpParams|activationThreshold_13.modelParams|tpParams|pamLength_1.modelParams|spParams|synPermInactiveDec_0.016996827146,  107,  0.00750671179648,  11,  13,  1,  0.016996827146,  0.804904115941, 
2029,  255239,  completed,  eof,  2014-05-23 22:05:01,  2014-05-23 22:05:18,  17,  modelParams|clParams|alpha_0.0149695269062.modelParams|tpParams|minThreshold_10.modelParams|tpParams|activationThreshold_14.modelParams|tpParams|pamLength_1.modelParams|spParams|synPermInactiveDec_0.01303091439,  107,  0.0149695269062,  10,  14,  1,  0.01303091439,  0.800142211179, 
2029,  255240,  completed,  eof,  2014-05-23 22:05:03,  2014-05-23 22:05:21,  18,  modelParams|clParams|alpha_0.00299882636892.modelParams|tpParams|minThreshold_10.modelParams|tpParams|activationThreshold_12.modelParams|tpParams|pamLength_2.modelParams|spParams|synPermInactiveDec_0.00785537978767,  107,  0.00299882636892,  10,  12,  2,  0.00785537978767,  0.798523198794, 
2029,  255241,  completed,  eof,  2014-05-23 22:05:06,  2014-05-23 22:05:25,  19,  modelParams|clParams|alpha_0.0173255067763.modelParams|tpParams|minThreshold_10.modelParams|tpParams|activationThreshold_12.modelParams|tpParams|pamLength_1.modelParams|spParams|synPermInactiveDec_0.00542126658576,  107,  0.0173255067763,  10,  12,  1,  0.00542126658576,  0.785638314926, 
2029,  255242,  completed,  eof,  2014-05-23 22:05:06,  2014-05-23 22:05:24,  18,  modelParams|clParams|alpha_0.000456785714286.modelParams|tpParams|minThreshold_11.modelParams|tpParams|activationThreshold_14.modelParams|tpParams|pamLength_1.modelParams|spParams|synPermInactiveDec_0.0106260714286,  107,  0.000456785714286,  11,  14,  1,  0.0106260714286,  0.803255154469, 
2029,  255243,  completed,  eof,  2014-05-23 22:05:07,  2014-05-23 22:05:25,  18,  modelParams|clParams|alpha_0.0305106478626.modelParams|tpParams|minThreshold_10.modelParams|tpParams|activationThreshold_12.modelParams|tpParams|pamLength_1.modelParams|spParams|synPermInactiveDec_0.00790671303729,  107,  0.0305106478626,  10,  12,  1,  0.00790671303729,  0.800111389789, 
2029,  255244,  completed,  eof,  2014-05-23 22:05:07,  2014-05-23 22:05:23,  16,  modelParams|clParams|alpha_0.0263846480178.modelParams|tpParams|minThreshold_10.modelParams|tpParams|activationThreshold_12.modelParams|tpParams|pamLength_2.modelParams|spParams|synPermInactiveDec_0.00740110461634,  107,  0.0263846480178,  10,  12,  2,  0.00740110461634,  0.795317774229, 
2029,  255245,  completed,  eof,  2014-05-23 22:05:17,  2014-05-23 22:05:31,  14,  modelParams|clParams|alpha_0.0311191084065.modelParams|tpParams|minThreshold_10.modelParams|tpParams|activationThreshold_12.modelParams|tpParams|pamLength_1.modelParams|spParams|synPermInactiveDec_0.00645930882358,  107,  0.0311191084065,  10,  12,  1,  0.00645930882358,  0.793668812758, 
2029,  255246,  completed,  eof,  2014-05-23 22:05:18,  2014-05-23 22:05:33,  15,  modelParams|clParams|alpha_0.027568263115.modelParams|tpParams|minThreshold_10.modelParams|tpParams|activationThreshold_12.modelParams|tpParams|pamLength_1.modelParams|spParams|synPermInactiveDec_0.00667740250949,  107,  0.027568263115,  10,  12,  1,  0.00667740250949,  0.793668812758, 
2029,  255247,  completed,  eof,  2014-05-23 22:05:19,  2014-05-23 22:05:35,  16,  modelParams|clParams|alpha_0.0339566224103.modelParams|tpParams|minThreshold_11.modelParams|tpParams|activationThreshold_12.modelParams|tpParams|pamLength_1.modelParams|spParams|synPermInactiveDec_0.00348907681278,  107,  0.0339566224103,  11,  12,  1,  0.00348907681278,  0.776035542037, 
2029,  255248,  completed,  eof,  2014-05-23 22:05:21,  2014-05-23 22:05:38,  17,  modelParams|clParams|alpha_0.0364501670241.modelParams|tpParams|minThreshold_11.modelParams|tpParams|activationThreshold_12.modelParams|tpParams|pamLength_2.modelParams|spParams|synPermInactiveDec_0.0003,  107,  0.0364501670241,  11,  12,  2,  0.0003,  0.788965847326, 
2029,  255249,  completed,  eof,  2014-05-23 22:05:23,  2014-05-23 22:05:40,  17,  modelParams|clParams|alpha_0.0443463916345.modelParams|tpParams|minThreshold_11.modelParams|tpParams|activationThreshold_13.modelParams|tpParams|pamLength_2.modelParams|spParams|synPermInactiveDec_0.00170691772153,  107,  0.0443463916345,  11,  13,  2,  0.00170691772153,  0.780982697319, 
2029,  255250,  completed,  eof,  2014-05-23 22:05:24,  2014-05-23 22:05:40,  16,  modelParams|clParams|alpha_0.00679050142372.modelParams|tpParams|minThreshold_10.modelParams|tpParams|activationThreshold_12.modelParams|tpParams|pamLength_1.modelParams|spParams|synPermInactiveDec_0.0003,  107,  0.00679050142372,  10,  12,  1,  0.0003,  0.792108739704, 
2029,  255251,  completed,  eof,  2014-05-23 22:05:25,  2014-05-23 22:05:40,  15,  modelParams|clParams|alpha_0.0001.modelParams|tpParams|minThreshold_10.modelParams|tpParams|activationThreshold_12.modelParams|tpParams|pamLength_1.modelParams|spParams|synPermInactiveDec_0.0003,  107,  0.0001,  10,  12,  1,  0.0003,  0.790443931385, 
2029,  255252,  completed,  eof,  2014-05-23 22:05:26,  2014-05-23 22:05:41,  15,  modelParams|clParams|alpha_0.00267990348727.modelParams|tpParams|minThreshold_10.modelParams|tpParams|activationThreshold_12.modelParams|tpParams|pamLength_1.modelParams|spParams|synPermInactiveDec_0.0003,  107,  0.00267990348727,  10,  12,  1,  0.0003,  0.790474752775, 
2029,  255253,  completed,  eof,  2014-05-23 22:05:31,  2014-05-23 22:05:52,  21,  modelParams|clParams|alpha_0.00669728092063.modelParams|tpParams|minThreshold_11.modelParams|tpParams|activationThreshold_13.modelParams|tpParams|pamLength_1.modelParams|spParams|synPermInactiveDec_0.0003,  107,  0.00669728092063,  11,  13,  1,  0.0003,  0.792108739704, 
2029,  255254,  completed,  eof,  2014-05-23 22:05:33,  2014-05-23 22:05:54,  21,  modelParams|clParams|alpha_0.000161171554126.modelParams|tpParams|minThreshold_10.modelParams|tpParams|activationThreshold_12.modelParams|tpParams|pamLength_1.modelParams|spParams|synPermInactiveDec_0.00550340802408,  107,  0.000161171554126,  10,  12,  1,  0.00550340802408,  0.796765272884, 
2029,  255255,  completed,  eof,  2014-05-23 22:05:36,  2014-05-23 22:05:57,  21,  modelParams|clParams|alpha_0.0241166684379.modelParams|tpParams|minThreshold_11.modelParams|tpParams|activationThreshold_12.modelParams|tpParams|pamLength_1.modelParams|spParams|synPermInactiveDec_0.0003,  107,  0.0241166684379,  11,  12,  1,  0.0003,  0.790569327002, 
2029,  255256,  completed,  eof,  2014-05-23 22:05:39,  2014-05-23 22:05:57,  18,  modelParams|clParams|alpha_0.0115690240671.modelParams|tpParams|minThreshold_11.modelParams|tpParams|activationThreshold_12.modelParams|tpParams|pamLength_1.modelParams|spParams|synPermInactiveDec_0.0003,  107,  0.0115690240671,  11,  12,  1,  0.0003,  0.790521438116, 
2029,  255257,  completed,  eof,  2014-05-23 22:05:40,  2014-05-23 22:06:00,  20,  modelParams|clParams|alpha_0.0276614412432.modelParams|tpParams|minThreshold_11.modelParams|tpParams|activationThreshold_12.modelParams|tpParams|pamLength_1.modelParams|spParams|synPermInactiveDec_0.00487033267095,  107,  0.0276614412432,  11,  12,  1,  0.00487033267095,  0.785607493536, 
2029,  255268,  completed,  eof,  2014-05-23 22:05:41,  2014-05-23 22:06:01,  20,  modelParams|clParams|alpha_0.0170533853145.modelParams|tpParams|minThreshold_10.modelParams|tpParams|activationThreshold_12.modelParams|tpParams|pamLength_1.modelParams|spParams|synPermInactiveDec_0.00263141814551,  107,  0.0170533853145,  10,  12,  1,  0.00263141814551,  0.779194857204, 
2029,  255269,  completed,  eof,  2014-05-23 22:05:42,  2014-05-23 22:06:01,  19,  modelParams|clParams|alpha_0.0201080344108.modelParams|tpParams|minThreshold_11.modelParams|tpParams|activationThreshold_12.modelParams|tpParams|pamLength_1.modelParams|spParams|synPermInactiveDec_0.00255845978501,  107,  0.0201080344108,  11,  12,  1,  0.00255845978501,  0.784034870133, 
2029,  255270,  completed,  eof,  2014-05-23 22:05:43,  2014-05-23 22:06:05,  22,  modelParams|clParams|alpha_0.0174460340584.modelParams|tpParams|minThreshold_11.modelParams|tpParams|activationThreshold_12.modelParams|tpParams|pamLength_1.modelParams|spParams|synPermInactiveDec_0.00434129855883,  107,  0.0174460340584,  11,  12,  1,  0.00434129855883,  0.777639274802, 
2029,  255271,  completed,  eof,  2014-05-23 22:05:53,  2014-05-23 22:06:13,  20,  modelParams|clParams|alpha_0.0194425343227.modelParams|tpParams|minThreshold_10.modelParams|tpParams|activationThreshold_12.modelParams|tpParams|pamLength_1.modelParams|spParams|synPermInactiveDec_0.00341339999167,  107,  0.0194425343227,  10,  12,  1,  0.00341339999167,  0.769685463384, 
2029,  255272,  completed,  eof,  2014-05-23 22:05:55,  2014-05-23 22:06:13,  18,  modelParams|clParams|alpha_0.0198808136517.modelParams|tpParams|minThreshold_10.modelParams|tpParams|activationThreshold_12.modelParams|tpParams|pamLength_1.modelParams|spParams|synPermInactiveDec_0.00186811558543,  107,  0.0198808136517,  10,  12,  1,  0.00186811558543,  0.779365777887, 
2029,  255273,  completed,  eof,  2014-05-23 22:05:57,  2014-05-23 22:06:13,  16,  modelParams|clParams|alpha_0.0216897339377.modelParams|tpParams|minThreshold_10.modelParams|tpParams|activationThreshold_12.modelParams|tpParams|pamLength_1.modelParams|spParams|synPermInactiveDec_0.0003,  107,  0.0216897339377,  10,  12,  1,  0.0003,  0.790569327002, 
2029,  255274,  completed,  eof,  2014-05-23 22:05:58,  2014-05-23 22:06:15,  17,  modelParams|clParams|alpha_0.0274179815097.modelParams|tpParams|minThreshold_11.modelParams|tpParams|activationThreshold_12.modelParams|tpParams|pamLength_1.modelParams|spParams|synPermInactiveDec_0.00350561577912,  107,  0.0274179815097,  11,  12,  1,  0.00350561577912,  0.779210433183, 
2029,  255275,  completed,  eof,  2014-05-23 22:06:01,  2014-05-23 22:06:18,  17,  modelParams|clParams|alpha_0.028938115517.modelParams|tpParams|minThreshold_11.modelParams|tpParams|activationThreshold_12.modelParams|tpParams|pamLength_1.modelParams|spParams|synPermInactiveDec_0.0003,  107,  0.028938115517,  11,  12,  1,  0.0003,  0.790569327002, 
2029,  255276,  completed,  eof,  2014-05-23 22:06:02,  2014-05-23 22:06:21,  19,  modelParams|clParams|alpha_0.0275255289939.modelParams|tpParams|minThreshold_11.modelParams|tpParams|activationThreshold_12.modelParams|tpParams|pamLength_1.modelParams|spParams|synPermInactiveDec_0.00224133746837,  107,  0.0275255289939,  11,  12,  1,  0.00224133746837,  0.790462786758, 
2029,  255277,  completed,  eof,  2014-05-23 22:06:03,  2014-05-23 22:06:22,  19,  modelParams|clParams|alpha_0.0256607355087.modelParams|tpParams|minThreshold_11.modelParams|tpParams|activationThreshold_12.modelParams|tpParams|pamLength_1.modelParams|spParams|synPermInactiveDec_0.0003,  107,  0.0256607355087,  11,  12,  1,  0.0003,  0.790569327002, 
2029,  255278,  completed,  eof,  2014-05-23 22:06:05,  2014-05-23 22:06:21,  16,  modelParams|clParams|alpha_0.0285751070804.modelParams|tpParams|minThreshold_10.modelParams|tpParams|activationThreshold_12.modelParams|tpParams|pamLength_1.modelParams|spParams|synPermInactiveDec_0.0003,  107,  0.0285751070804,  10,  12,  1,  0.0003,  0.790569327002, 
2029,  255279,  completed,  eof,  2014-05-23 22:06:13,  2014-05-23 22:06:31,  18,  modelParams|clParams|alpha_0.0120770695088.modelParams|tpParams|minThreshold_10.modelParams|tpParams|activationThreshold_12.modelParams|tpParams|pamLength_1.modelParams|spParams|synPermInactiveDec_0.0019246144355,  107,  0.0120770695088,  10,  12,  1,  0.0019246144355,  0.777731790958, 
2029,  255280,  completed,  eof,  2014-05-23 22:06:14,  2014-05-23 22:06:32,  18,  modelParams|clParams|alpha_0.0256100602133.modelParams|tpParams|minThreshold_11.modelParams|tpParams|activationThreshold_12.modelParams|tpParams|pamLength_1.modelParams|spParams|synPermInactiveDec_0.0003,  107,  0.0256100602133,  11,  12,  1,  0.0003,  0.790569327002, 
2029,  255281,  completed,  eof,  2014-05-23 22:06:14,  2014-05-23 22:06:33,  19,  modelParams|clParams|alpha_0.0180268620422.modelParams|tpParams|minThreshold_10.modelParams|tpParams|activationThreshold_12.modelParams|tpParams|pamLength_1.modelParams|spParams|synPermInactiveDec_0.00207873511373,  107,  0.0180268620422,  10,  12,  1,  0.00207873511373,  0.784096844154, 
2029,  255282,  completed,  eof,  2014-05-23 22:06:16,  2014-05-23 22:06:33,  17,  modelParams|clParams|alpha_0.0278052551614.modelParams|tpParams|minThreshold_10.modelParams|tpParams|activationThreshold_12.modelParams|tpParams|pamLength_1.modelParams|spParams|synPermInactiveDec_0.00224848682102,  107,  0.0278052551614,  10,  12,  1,  0.00224848682102,  0.790462786758, 
2029,  255283,  completed,  eof,  2014-05-23 22:06:18,  2014-05-23 22:06:35,  17,  modelParams|clParams|alpha_0.0156242906525.modelParams|tpParams|minThreshold_10.modelParams|tpParams|activationThreshold_12.modelParams|tpParams|pamLength_1.modelParams|spParams|synPermInactiveDec_0.00194750025336,  107,  0.0156242906525,  10,  12,  1,  0.00194750025336,  0.776159463914, 
2029,  255284,  completed,  eof,  2014-05-23 22:06:21,  2014-05-23 22:06:37,  16,  modelParams|clParams|alpha_0.0179998230747.modelParams|tpParams|minThreshold_10.modelParams|tpParams|activationThreshold_12.modelParams|tpParams|pamLength_1.modelParams|spParams|synPermInactiveDec_0.00204194067889,  107,  0.0179998230747,  10,  12,  1,  0.00204194067889,  0.780937215523, 
2029,  255285,  completed,  eof,  2014-05-23 22:06:22,  2014-05-23 22:06:43,  21,  modelParams|clParams|alpha_0.0156449392746.modelParams|tpParams|minThreshold_10.modelParams|tpParams|activationThreshold_12.modelParams|tpParams|pamLength_1.modelParams|spParams|synPermInactiveDec_0.00305841762003,  107,  0.0156449392746,  10,  12,  1,  0.00305841762003,  0.768067323303, 
2029,  255286,  completed,  eof,  2014-05-23 22:06:22,  2014-05-23 22:06:37,  15,  modelParams|clParams|alpha_0.0174111021247.modelParams|tpParams|minThreshold_10.modelParams|tpParams|activationThreshold_12.modelParams|tpParams|pamLength_1.modelParams|spParams|synPermInactiveDec_0.00259739936222,  107,  0.0174111021247,  10,  12,  1,  0.00259739936222,  0.777592293102, 
2029,  255287,  completed,  eof,  2014-05-23 22:06:32,  2014-05-23 22:06:48,  16,  modelParams|clParams|alpha_0.0197220600048.modelParams|tpParams|minThreshold_11.modelParams|tpParams|activationThreshold_12.modelParams|tpParams|pamLength_1.modelParams|spParams|synPermInactiveDec_0.00311010501154,  107,  0.0197220600048,  11,  12,  1,  0.00311010501154,  0.774478477508, 
2029,  255288,  completed,  eof,  2014-05-23 22:06:32,  2014-05-23 22:06:51,  19,  modelParams|clParams|alpha_0.0200752925748.modelParams|tpParams|minThreshold_11.modelParams|tpParams|activationThreshold_12.modelParams|tpParams|pamLength_1.modelParams|spParams|synPermInactiveDec_0.00264432192925,  107,  0.0200752925748,  11,  12,  1,  0.00264432192925,  0.78241614572, 
2029,  255289,  completed,  eof,  2014-05-23 22:06:33,  2014-05-23 22:06:48,  15,  modelParams|clParams|alpha_0.016725732446.modelParams|tpParams|minThreshold_10.modelParams|tpParams|activationThreshold_12.modelParams|tpParams|pamLength_1.modelParams|spParams|synPermInactiveDec_0.00388041855394,  107,  0.016725732446,  10,  12,  1,  0.00388041855394,  0.776052008097, 
2029,  255290,  completed,  eof,  2014-05-23 22:06:33,  2014-05-23 22:06:51,  18,  modelParams|clParams|alpha_0.0267835574221.modelParams|tpParams|minThreshold_11.modelParams|tpParams|activationThreshold_12.modelParams|tpParams|pamLength_1.modelParams|spParams|synPermInactiveDec_0.00157195422722,  107,  0.0267835574221,  11,  12,  1,  0.00157195422722,  0.78090547856, 
2029,  255291,  completed,  eof,  2014-05-23 22:06:36,  2014-05-23 22:06:55,  19,  modelParams|clParams|alpha_0.0248052326827.modelParams|tpParams|minThreshold_10.modelParams|tpParams|activationThreshold_12.modelParams|tpParams|pamLength_1.modelParams|spParams|synPermInactiveDec_0.00475412419706,  107,  0.0248052326827,  10,  12,  1,  0.00475412419706,  0.780813877977, 
2029,  255292,  completed,  eof,  2014-05-23 22:06:37,  2014-05-23 22:06:54,  17,  modelParams|clParams|alpha_0.0203035514133.modelParams|tpParams|minThreshold_10.modelParams|tpParams|activationThreshold_12.modelParams|tpParams|pamLength_1.modelParams|spParams|synPermInactiveDec_0.00228021889252,  107,  0.0203035514133,  10,  12,  1,  0.00228021889252,  0.780953079474, 
2029,  255293,  completed,  eof,  2014-05-23 22:06:38,  2014-05-23 22:06:56,  18,  modelParams|clParams|alpha_0.0266471403975.modelParams|tpParams|minThreshold_10.modelParams|tpParams|activationThreshold_12.modelParams|tpParams|pamLength_1.modelParams|spParams|synPermInactiveDec_0.00170765652885,  107,  0.0266471403975,  10,  12,  1,  0.00170765652885,  0.774570958782, 
2029,  255294,  completed,  eof,  2014-05-23 22:06:43,  2014-05-23 22:07:02,  19,  modelParams|clParams|alpha_0.0179460338571.modelParams|tpParams|minThreshold_10.modelParams|tpParams|activationThreshold_12.modelParams|tpParams|pamLength_1.modelParams|spParams|synPermInactiveDec_0.00195047225889,  107,  0.0179460338571,  10,  12,  1,  0.00195047225889,  0.777746765502, 
2029,  255295,  completed,  eof,  2014-05-23 22:06:48,  2014-05-23 22:07:03,  15,  modelParams|clParams|alpha_0.0175174474987.modelParams|tpParams|minThreshold_10.modelParams|tpParams|activationThreshold_12.modelParams|tpParams|pamLength_1.modelParams|spParams|synPermInactiveDec_0.00238651053017,  107,  0.0175174474987,  10,  12,  1,  0.00238651053017,  0.772891175921, 
2029,  255296,  completed,  eof,  2014-05-23 22:06:51,  2014-05-23 22:07:08,  17,  modelParams|clParams|alpha_0.017711953847.modelParams|tpParams|minThreshold_10.modelParams|tpParams|activationThreshold_12.modelParams|tpParams|pamLength_1.modelParams|spParams|synPermInactiveDec_0.00331884162305,  107,  0.017711953847,  10,  12,  1,  0.00331884162305,  0.766464174869, 
2029,  255297,  completed,  eof,  2014-05-23 22:06:52,  2014-05-23 22:07:08,  16,  modelParams|clParams|alpha_0.0179533418269.modelParams|tpParams|minThreshold_10.modelParams|tpParams|activationThreshold_12.modelParams|tpParams|pamLength_1.modelParams|spParams|synPermInactiveDec_0.00288561403922,  107,  0.0179533418269,  10,  12,  1,  0.00288561403922,  0.769639650347, 
2029,  255298,  completed,  eof,  2014-05-23 22:06:55,  2014-05-23 22:07:10,  15,  modelParams|clParams|alpha_0.0152837424597.modelParams|tpParams|minThreshold_10.modelParams|tpParams|activationThreshold_12.modelParams|tpParams|pamLength_1.modelParams|spParams|synPermInactiveDec_0.00267849557308,  107,  0.0152837424597,  10,  12,  1,  0.00267849557308,  0.779194857204, 
2029,  255299,  completed,  eof,  2014-05-23 22:06:55,  2014-05-23 22:07:10,  15,  modelParams|clParams|alpha_0.0155653042317.modelParams|tpParams|minThreshold_10.modelParams|tpParams|activationThreshold_12.modelParams|tpParams|pamLength_1.modelParams|spParams|synPermInactiveDec_0.00273810772986,  107,  0.0155653042317,  10,  12,  1,  0.00273810772986,  0.775974170125, 
2029,  255300,  completed,  eof,  2014-05-23 22:06:55,  2014-05-23 22:07:11,  16,  modelParams|clParams|alpha_0.0151946655787.modelParams|tpParams|minThreshold_10.modelParams|tpParams|activationThreshold_12.modelParams|tpParams|pamLength_1.modelParams|spParams|synPermInactiveDec_0.00273769738533,  107,  0.0151946655787,  10,  12,  1,  0.00273769738533,  0.775974170125, 
2029,  255301,  completed,  eof,  2014-05-23 22:06:57,  2014-05-23 22:07:13,  16,  modelParams|clParams|alpha_0.0160088262267.modelParams|tpParams|minThreshold_10.modelParams|tpParams|activationThreshold_12.modelParams|tpParams|pamLength_1.modelParams|spParams|synPermInactiveDec_0.00296533760892,  107,  0.0160088262267,  10,  12,  1,  0.00296533760892,  0.768067323303, 
2029,  255302,  completed,  eof,  2014-05-23 22:07:02,  2014-05-23 22:07:17,  15,  modelParams|clParams|alpha_0.0163798862615.modelParams|tpParams|minThreshold_10.modelParams|tpParams|activationThreshold_12.modelParams|tpParams|pamLength_1.modelParams|spParams|synPermInactiveDec_0.00337863639864,  107,  0.0163798862615,  10,  12,  1,  0.00337863639864,  0.766464174869, 
2029,  255303,  completed,  eof,  2014-05-23 22:07:04,  2014-05-23 22:07:21,  17,  modelParams|clParams|alpha_0.0160830770012.modelParams|tpParams|minThreshold_10.modelParams|tpParams|activationThreshold_12.modelParams|tpParams|pamLength_1.modelParams|spParams|synPermInactiveDec_0.00356661452425,  107,  0.0160830770012,  10,  12,  1,  0.00356661452425,  0.774479681053, 
2029,  255304,  completed,  eof,  2014-05-23 22:07:08,  2014-05-23 22:07:29,  21,  modelParams|clParams|alpha_0.0131772230616.modelParams|tpParams|minThreshold_10.modelParams|tpParams|activationThreshold_12.modelParams|tpParams|pamLength_1.modelParams|spParams|synPermInactiveDec_0.00330672116363,  107,  0.0131772230616,  10,  12,  1,  0.00330672116363,  0.766464174869, 
2029,  255305,  completed,  eof,  2014-05-23 22:07:09,  2014-05-23 22:07:27,  18,  modelParams|clParams|alpha_0.0188968799757.modelParams|tpParams|minThreshold_9.modelParams|tpParams|activationThreshold_12.modelParams|tpParams|pamLength_1.modelParams|spParams|synPermInactiveDec_0.00330827365551,  107,  0.0188968799757,  9,  12,  1,  0.00330827365551,  0.769685463384, 
2029,  255306,  completed,  eof,  2014-05-23 22:07:11,  2014-05-23 22:07:31,  20,  modelParams|clParams|alpha_0.018379572232.modelParams|tpParams|minThreshold_10.modelParams|tpParams|activationThreshold_12.modelParams|tpParams|pamLength_1.modelParams|spParams|synPermInactiveDec_0.0042169878481,  107,  0.018379572232,  10,  12,  1,  0.0042169878481,  0.777639274802, 
2029,  255307,  completed,  eof,  2014-05-23 22:07:12,  2014-05-23 22:07:31,  19,  modelParams|clParams|alpha_0.0168650502115.modelParams|tpParams|minThreshold_10.modelParams|tpParams|activationThreshold_12.modelParams|tpParams|pamLength_1.modelParams|spParams|synPermInactiveDec_0.00361855102784,  107,  0.0168650502115,  10,  12,  1,  0.00361855102784,  0.776052008097, 
2029,  255308,  completed,  eof,  2014-05-23 22:07:12,  2014-05-23 22:07:31,  19,  modelParams|clParams|alpha_0.0189276091809.modelParams|tpParams|minThreshold_10.modelParams|tpParams|activationThreshold_12.modelParams|tpParams|pamLength_1.modelParams|spParams|synPermInactiveDec_0.00336772227074,  107,  0.0189276091809,  10,  12,  1,  0.00336772227074,  0.769685463384, 
2029,  255309,  completed,  eof,  2014-05-23 22:07:13,  2014-05-23 22:07:35,  22,  modelParams|clParams|alpha_0.0176745989509.modelParams|tpParams|minThreshold_10.modelParams|tpParams|activationThreshold_12.modelParams|tpParams|pamLength_1.modelParams|spParams|synPermInactiveDec_0.00306167908428,  107,  0.0176745989509,  10,  12,  1,  0.00306167908428,  0.768067323303, 
2029,  255310,  completed,  eof,  2014-05-23 22:07:18,  2014-05-23 22:07:40,  22,  modelParams|clParams|alpha_0.015651845299.modelParams|tpParams|minThreshold_9.modelParams|tpParams|activationThreshold_12.modelParams|tpParams|pamLength_1.modelParams|spParams|synPermInactiveDec_0.00366511538668,  107,  0.015651845299,  9,  12,  1,  0.00366511538668,  0.776052008097, 
2029,  255311,  completed,  eof,  2014-05-23 22:07:22,  2014-05-23 22:07:38,  16,  modelParams|clParams|alpha_0.0176332267982.modelParams|tpParams|minThreshold_10.modelParams|tpParams|activationThreshold_12.modelParams|tpParams|pamLength_1.modelParams|spParams|synPermInactiveDec_0.00362886825038,  107,  0.0176332267982,  10,  12,  1,  0.00362886825038,  0.776052008097, 
2029,  255312,  completed,  eof,  2014-05-23 22:07:28,  2014-05-23 22:07:45,  17,  modelParams|clParams|alpha_0.0152948381911.modelParams|tpParams|minThreshold_10.modelParams|tpParams|activationThreshold_12.modelParams|tpParams|pamLength_1.modelParams|spParams|synPermInactiveDec_0.00339664150179,  107,  0.0152948381911,  10,  12,  1,  0.00339664150179,  0.766464174869, 
2029,  255313,  completed,  killed,  2014-05-23 22:07:29,  2014-05-23 22:07:48,  19,  modelParams|clParams|alpha_0.0172553522842.modelParams|tpParams|minThreshold_10.modelParams|tpParams|activationThreshold_12.modelParams|tpParams|pamLength_1.modelParams|spParams|synPermInactiveDec_0.0032041121042,  100,  0.0172553522842,  10,  12,  1,  0.0032041121042,  0.773665882364, 
2029,  255314,  completed,  killed,  2014-05-23 22:07:31,  2014-05-23 22:07:49,  18,  modelParams|clParams|alpha_0.0166954699444.modelParams|tpParams|minThreshold_9.modelParams|tpParams|activationThreshold_12.modelParams|tpParams|pamLength_1.modelParams|spParams|synPermInactiveDec_0.00338365830925,  100,  0.0166954699444,  9,  12,  1,  0.00338365830925,  0.771947669306, 
2029,  255315,  completed,  killed,  2014-05-23 22:07:32,  2014-05-23 22:07:49,  17,  modelParams|clParams|alpha_0.0172399579276.modelParams|tpParams|minThreshold_10.modelParams|tpParams|activationThreshold_12.modelParams|tpParams|pamLength_1.modelParams|spParams|synPermInactiveDec_0.00320703524322,  100,  0.0172399579276,  10,  12,  1,  0.00320703524322,  0.773665882364, 
2029,  255316,  completed,  killed,  2014-05-23 22:07:33,  2014-05-23 22:07:49,  16,  modelParams|clParams|alpha_0.0170377979516.modelParams|tpParams|minThreshold_10.modelParams|tpParams|activationThreshold_12.modelParams|tpParams|pamLength_1.modelParams|spParams|synPermInactiveDec_0.00334433875657,  100,  0.0170377979516,  10,  12,  1,  0.00334433875657,  0.771947669306, 
2029,  255317,  completed,  killed,  2014-05-23 22:07:35,  2014-05-23 22:07:49,  14,  modelParams|clParams|alpha_0.0166233233006.modelParams|tpParams|minThreshold_9.modelParams|tpParams|activationThreshold_12.modelParams|tpParams|pamLength_1.modelParams|spParams|synPermInactiveDec_0.00339722073772,  100,  0.0166233233006,  9,  12,  1,  0.00339722073772,  0.771947669306, 
2029,  255318,  completed,  killed,  2014-05-23 22:07:39,  2014-05-23 22:07:49,  10,  modelParams|clParams|alpha_0.0164044203604.modelParams|tpParams|minThreshold_9.modelParams|tpParams|activationThreshold_12.modelParams|tpParams|pamLength_1.modelParams|spParams|synPermInactiveDec_0.00359601617464,  50,  0.0164044203604,  9,  12,  1,  0.00359601617464,  0.80644371004, 
2029,  255319,  completed,  killed,  2014-05-23 22:07:41,  2014-05-23 22:07:49,  8,  modelParams|clParams|alpha_0.0159632471605.modelParams|tpParams|minThreshold_10.modelParams|tpParams|activationThreshold_12.modelParams|tpParams|pamLength_1.modelParams|spParams|synPermInactiveDec_0.00317313764598,  50,  0.0159632471605,  10,  12,  1,  0.00317313764598,  0.792229921758, 
